MAIN_RIV,DIS_AV_CMS
70045262,2409.602
70283328,1098.293
70045262,2363.828
70045262,2334.635
70283328,1098.386
70283328,1098.466
70283328,1098.535
70045262,2332.917
70283328,1098.956
70124198,1834.414
70045262,2302.404
70283328,1099.049
70124198,1833.362
70124198,1826.184
70045262,2297.317
70124198,1838.775
70283328,1101.368
70045262,2290.539
70124198,1839.145
70124198,1826.065
70124198,1822.141
70045262,2283.741
70124198,1820.144
70045262,2280.338
70124198,1840.777
70124198,1216.696
70124198,1207.729
70124198,1206.964
70124198,1819.993
70124198,1131.702
70124198,1843.428
70124198,1218.357
70045262,2278.637
70124198,1219.886
70124198,1219.565
70124198,1218.612
70283328,1101.212
70124198,1847.283
70124198,1845.808
70124198,1844.391
70124198,1843.767
70124198,1887.602
70124198,1226.893
70124198,1220.403
70124198,1819.519
70124198,1225.12
70283328,1101.259
70124198,1867.215
70124198,1861.737
70124198,1876.989
70124198,1848.417
70124198,1220.944
70045262,2268.469
70124198,1871.032
70124198,1869.991
70124198,1851.989
70124198,1849.369
70124198,1858.824
70124198,1237.797
70124198,1134.97
70045262,2256.606
70124198,1237.011
70124198,1229.445
70124198,1235.202
70124198,1231.143
70124198,1223.21
70124198,1234.559
70124198,1221.344
70124198,1222.739
70124198,1222.474
70124198,1221.933
70124198,1139.768
70124198,1240.263
70124198,1812.799
70124198,1241.534
70124198,1140.947
70283328,1104.003
70045262,2253.191
70124198,1811.743
70124198,1242.828
70124198,1245.999
70283328,1104.028
70124198,1255.761
70124198,1255.409
70124198,1149.332
70124198,1149.402
70124198,1149.432
70283328,1104.245
70124198,1811.315
70124198,1800.688
70124198,1150.143
70124198,1131.804
70124198,1149.156
70283328,1104.287
70124198,1144.307
70124198,1442.607
70124198,1119.91
70124198,1129.231
70124198,1148.839
70124198,1256.529
70124198,1146.067
70124198,1147.992
70124198,1441.612
70124198,1133.941
70124198,1142.35
70124198,1143.341
70045262,2239.608
70124198,1137.607
70283328,1105.692
70124198,1441.192
70124198,1256.963
70124198,1440.165
70124198,1439.725
70045262,2220.975
70283328,1107.979
70283328,1107.809
70283328,1108.166
70045262,2204.5
70283328,1109.306
70045262,2169.531
70283328,1108.916
70045262,2152.656
70283328,1108.888
70045262,2148.931
70283328,1108.337
70283328,1107.893
70283328,1113.697
70283328,1118.094
70283328,1112.596
70283328,1112.592
70045262,2147.664
70283328,1112.243
70045262,2144.814
70045262,2133.372
70283328,1110.724
70283328,1157.538
70045262,1534.862
70283328,1153.91
70045262,1533.437
70045262,1531.579
70283328,1153.483
70283328,1152.951
70283328,1152.768
70283328,1152.014
70283328,1152.562
70045262,1531.509
70283328,1150.68
70283328,1183.215
70045262,1530.207
70283328,1176.271
70045262,1529.041
70283328,1176.375
70283328,1188.233
70045262,1528.223
70045262,1527.961
70283328,1378.35
70283328,1378.429
70283328,1378.406
70283328,1378.639
70283328,1378.543
70045262,1527.747
70283328,1391.112
70045262,1525.608
70045262,1346.488
70283328,1391.322
70283328,1391.356
70283328,1391.19
70283328,1391.136
70283328,1392.368
70283328,1391.513
70283328,1391.704
70045262,1345.479
70283328,1392.219
70283328,1393.501
70045262,1340.973
70045262,1339.819
70283328,1393.353
70283328,1393.118
70283328,1394.266
70045262,1339.605
70283328,1394.263
70283328,1394.752
70045262,1335.898
70283328,1395.028
70283328,1395.298
70283328,1395.555
70045262,1335.866
70045262,1335.843
70283328,1400.272
70045262,1335.835
70283328,1400.863
70045262,1335.813
70283328,1403.117
70045262,1335.8
70283328,1408.294
70045262,1335.784
70174032,1222.0
70283328,1408.583
70283328,1409.19
70045262,1335.78
70283328,1409.301
70045262,1262.921
70174032,1221.131
70175955,1004.173
70175955,1022.068
70175955,1022.042
70175955,1021.926
70175955,1021.691
70175955,1007.422
70175955,1004.089
70174032,1160.455
70283328,1410.069
70283328,1439.54
70045262,1262.626
70283328,1439.723
70045262,1262.595
70045262,1262.572
70283328,1439.961
70045262,1262.561
70045262,1257.49
70283328,1443.566
70283328,1447.768
70045262,1257.323
70283328,1448.026
70174032,1160.245
70283328,1448.623
70174032,1157.896
70283328,1449.104
70045262,1257.293
70045262,1256.781
70283328,1449.841
70174032,1157.653
70174032,1156.993
70283328,1450.153
70174032,1153.154
70174032,1155.112
70174032,1156.513
70174032,1151.948
70045262,1256.742
70283328,1450.804
70174032,1151.696
70283328,1451.781
70174032,1150.912
70174032,1150.409
70174032,1146.666
70283328,1452.803
70174032,1145.095
70283328,1455.565
70045262,1256.834
70283328,1455.981
70045262,1258.122
70045262,1239.764
70283328,1456.575
70283328,1456.843
70174032,1143.645
70045262,1240.221
70174032,1142.08
70174032,1140.964
70283328,1457.734
70045262,1241.232
70283328,1551.9
70283328,1556.524
70283328,1556.786
70283328,1557.586
70045262,1242.709
70283328,1558.223
70174032,1139.14
70283328,1558.529
70045262,1244.647
70283328,1558.741
70283328,1558.962
70283328,1559.16
70283328,1559.397
70045262,1245.266
70174032,1122.723
70283328,1560.13
70045262,1246.407
70174032,1121.493
70283328,1568.093
70045262,1245.328
70283328,1574.819
70283328,1574.996
70174032,1121.134
70283328,1584.049
70174032,1102.803
70283328,1584.829
70174032,1059.676
70174032,1102.043
70283328,1586.182
70045262,1245.379
70283328,1587.414
70174032,1059.146
70045262,1243.567
70174032,1038.772
70283328,1596.389
70045262,1243.54
70283328,1598.151
70174032,1038.041
70045262,1243.501
70174032,1037.725
70283328,1600.864
70207927,1224.667
70207927,1216.439
70283328,1604.204
70174032,1036.462
70283328,1605.364
70174032,1040.65
70045262,1243.48
70207927,1216.287
70283328,1606.371
70174032,1062.721
70174032,1059.41
70174032,1044.881
70174032,1070.819
70283328,1606.957
70283328,1607.542
70045262,1243.053
70174032,1081.187
70045262,1243.027
70174032,1091.348
70174032,1099.4
70045262,1242.969
70211926,1200.313
70174032,1103.515
70283328,1614.04
70174032,1108.549
70211926,1199.977
70211926,1199.265
70207927,1214.303
70174032,1111.876
70211926,1199.106
70207927,1139.429
70207927,1209.736
70045262,1242.943
70174032,1115.394
70207927,1135.523
70207927,1136.021
70283328,1621.507
70174032,1117.953
70211926,1198.968
70045262,1239.092
70045262,1239.055
70207927,1094.37
70283328,1622.301
70174032,1120.375
70207927,1093.544
70211926,1197.945
70283328,1623.642
70283328,1626.923
70211926,1197.284
70207927,1089.892
70283328,1627.129
70211926,1155.727
70283328,1627.564
70283328,1628.765
70211926,1153.813
70283328,1629.108
70283328,1629.284
70211926,1152.514
70211926,1149.87
70211926,1143.046
70211926,1138.033
70211926,1131.974
70283328,1630.228
70283328,1630.434
70211926,1126.814
70283328,1630.997
70283328,1632.745
70283328,1633.245
70211926,1120.572
70283328,1633.433
70283328,1633.64
70211926,1114.404
70283328,1633.929
70211926,1112.007
70283328,1634.375
70283328,1635.797
70283328,1634.691
70211926,1108.241
70283328,1706.872
70211926,1101.528
70283328,1707.365
70211926,1098.87
70283328,1738.686
70283328,1738.985
70211926,1097.232
70283328,1739.53
70283328,1742.049
70211926,1093.507
70283328,1742.912
70283328,1743.103
70211926,1088.71
70283328,1743.565
70211926,1087.966
70211926,1085.667
70283328,1744.225
70211926,1085.301
70283328,1745.065
70211926,1084.635
70283328,1745.904
70211926,1082.71
70211926,1082.148
70283328,1747.19
70386275,1006.924
70386275,1021.422
70211926,1081.69
70283328,1747.406
70283328,1747.823
70386275,1021.61
70386275,1022.099
70283328,1748.438
70386275,1029.698
70386275,1030.029
70211926,1081.037
70386275,1030.343
70283328,1748.88
70211926,1075.612
70283328,1749.023
70283328,1749.288
70211926,1072.939
70211926,1063.62
70386275,1032.753
70386275,1033.353
70211926,1051.982
70283328,1771.662
70386275,1034.168
70386275,1034.438
70283328,1771.984
70211926,1051.364
70386275,1034.802
70283328,2604.115
70283328,2604.535
70386275,1045.537
70283328,2604.987
70386275,1048.627
70386275,1049.147
70211926,1047.967
70283328,2605.415
70283328,2605.666
70386275,1049.93
70386275,1052.571
70211926,1045.256
70211926,1044.954
70211926,1044.237
70283328,2605.893
70211926,1043.666
70283328,2607.416
70211926,1036.202
70386275,1054.66
70283328,2613.842
70386275,1064.864
70283328,2614.152
70386275,1065.396
70386275,1065.535
70283328,2615.004
70211926,1035.905
70386275,1066.338
70211926,1034.252
70283328,2615.453
70386275,1066.894
70283328,2618.35
70386275,1067.286
70386275,1067.571
70283328,2619.482
70211926,1033.132
70386275,1080.812
70386275,1081.126
70283328,2662.948
70386275,1081.624
70386275,1082.034
70283328,2663.494
70211926,1030.513
70283328,2667.596
70386275,1083.267
70283328,2669.497
70386275,1083.642
70283328,2671.258
70386275,1084.188
70211926,1029.442
70386275,1084.968
70283328,2673.419
70283328,2688.674
70283328,2696.855
70386275,1097.712
70283328,2698.51
70283328,2699.885
70386275,1100.269
70386275,1108.828
70283328,2701.984
70386275,1110.075
70283328,2702.476
70283328,2704.218
70386275,1111.451
70283328,2705.225
70283328,2714.048
70386275,1113.108
70386275,1114.108
70386275,1114.605
70283328,2717.24
70386275,1115.407
70386275,1115.762
70283328,2719.451
70386275,1116.249
70283328,2722.33
70283328,2723.418
70283328,2725.546
70386275,1117.421
70283328,2727.092
70283328,2728.001
70283328,2730.574
70386275,1118.959
70283328,2734.65
70283328,2735.966
70283328,2736.908
70283328,2739.861
70386275,1117.822
70283328,2743.996
70283328,2747.066
70283328,2748.406
70386275,1119.412
70386275,1119.024
70386275,1119.668
70283328,2752.331
70386275,1120.006
70283328,2776.552
70386275,1120.681
70283328,2779.431
70283328,2804.809
70283328,2803.179
70283328,2808.353
70283328,2806.232
70386275,1122.295
70386275,1122.719
70283328,2811.647
70386275,1124.679
70386275,1124.967
70386275,1126.94
70283328,2816.652
70386275,1131.213
70283328,2817.652
70283328,2819.376
70283328,2826.487
70386275,1136.295
70386275,1978.656
70386275,1979.906
70283328,2835.886
70283328,2839.207
70386275,1981.991
70283328,3571.762
70283328,3570.281
70283328,3567.55
70283328,2871.388
70283328,2864.269
70386275,1985.166
70283328,3577.894
70283328,3566.136
70283328,2857.257
70283328,2844.306
70283328,3450.93
70283328,2854.909
70283328,2849.283
70386275,1987.19
70283328,3579.343
70283328,2851.614
70283328,3440.412
70283328,3190.493
70283328,3429.621
70283328,3414.146
70283328,3200.031
70386275,1988.936
70283328,3391.603
70283328,3410.725
70283328,3402.354
70283328,3400.329
70283328,3396.773
70283328,3392.961
70283328,3390.608
70283328,3592.106
70283328,3588.844
70283328,3205.282
70386275,1990.575
70283328,3331.852
70283328,3212.694
70283328,3287.269
70283328,3298.722
70283328,3327.874
70283328,3304.345
70283328,3302.633
70283328,3313.051
70386275,1992.904
70283328,3323.248
70283328,3318.252
70283328,3315.536
70386275,1993.856
70386275,1995.044
70386275,1996.813
70386275,1998.767
70386275,2000.715
70386275,2001.135
70386275,2006.694
70386275,2008.517
70386275,2008.829
70386275,2860.105
70386275,2860.521
70386275,2860.77
70386275,2861.386
70386275,2867.498
70386275,2874.228
70386275,2874.634
70386275,2876.247
70386275,2876.487
70386275,2877.534
70386275,2877.151
70386275,2877.198
70386275,2876.792
70386275,2876.623
70386275,2876.68
70386275,2916.3
70318765,1133.21
70318765,1445.561
70318765,1447.177
70318765,1473.539
70318765,1475.174
70318765,1534.432
70318765,1550.355
70318765,1550.908
70318765,1553.738
70318765,1554.738
70318765,1552.179
70386275,2915.863
70386275,2916.487
70386275,2932.535
70318765,1561.283
70318765,1565.095
70318765,1566.432
70318765,1565.807
70318765,1567.932
70318765,1569.968
70386275,2932.226
70318765,1569.613
70318765,1569.597
70318765,1569.634
70318765,1569.796
70386275,2931.931
70318765,1568.324
70318765,1568.34
70318765,1577.374
70386275,2931.672
70318765,1630.327
70318765,1631.394
70318765,1632.726
70318765,1728.22
70318765,1746.296
70318765,1576.23
70318765,1576.965
70318765,1632.965
70318765,1632.991
70318765,1725.659
70318765,1748.533
70318765,1749.54
70318765,1631.604
70318765,1718.205
70318765,1725.57
70386275,2931.317
70318765,1750.643
70386275,2931.385
70318765,1751.085
70318765,1752.304
70318765,1751.647
70318765,1751.966
70318765,1752.539
70386275,2931.002
70318765,1754.973
70318765,1790.453
70318765,1791.31
70318765,1792.073
70318765,1786.737
70318765,1787.134
70318765,1788.72
70318765,1789.969
70318765,1792.917
70318765,1793.504
70318765,1794.109
70318765,1795.036
70318765,1795.505
70386275,2930.599
70318765,1796.02
70318765,1796.552
70318765,1801.166
70318765,1801.593
70386275,2930.17
70386275,2931.176
70318765,1802.835
70386275,2931.667
70318765,1803.453
70318765,1803.573
70318765,1820.687
70318765,1839.551
70318765,1839.847
70318765,1821.669
70318765,1838.848
70318765,1842.723
70318765,1891.892
70386275,2930.949
70318765,1902.21
70318765,1902.969
70386275,2930.543
70318765,1910.245
70318765,1913.867
70386275,2929.775
70318765,1924.823
70386275,3174.024
70386275,2929.362
70386275,3174.251
70386275,3173.473
70386275,2929.404
70386275,3174.646
70386275,2929.203
70386275,3175.263
70386275,3270.089
70386275,3270.158
70386275,2929.311
70386275,2929.274
70386275,3270.025
70386275,3169.97
70386275,3172.259
70386275,3267.912
70386275,3268.314
70386275,3174.423
70386275,3177.304
70386275,3174.892
70386275,3175.964
70386275,3266.626
70386275,3169.728
70386275,3266.253
70386275,3175.714
70386275,3176.899
70386275,3176.106
70386275,2928.76
70386275,2928.405
70386275,3169.544
70386275,3168.741
70386275,3175.117
70386275,3168.114
70386275,3173.759
70386275,2927.328
70386275,3167.687
70386275,3176.66
70386275,3173.107
70386275,2927.659
70386275,3167.137
70386275,2927.445
70386275,3308.698
70386275,3166.715
70386275,3164.233
70386275,3164.574
70386275,2926.64
70386275,3163.772
70386275,3163.153
70386275,3150.97
70386275,3150.64
70386275,3309.168
70386275,3163.667
70386275,3163.548
70386275,3163.298
70386275,3150.315
70386275,3309.944
70386275,2925.361
70386275,3150.204
70367865,1199.203
70386275,3310.191
70386275,3310.417
70386275,3152.959
70367865,1235.602
70367865,1235.821
70367865,1256.899
70367865,1257.291
70367865,1257.643
70386275,3149.997
70367865,1257.883
70367865,1258.54
70386275,3152.599
70386275,3152.257
70367865,1258.85
70367865,1259.902
70367865,1260.145
70367865,1260.391
70367865,1288.582
70367865,1289.011
70367865,1289.564
70386275,3310.72
70367865,1289.987
70386275,3361.03
70367865,1290.45
70367865,1291.556
70367865,1292.186
70367865,1285.595
70386275,3357.111
70386275,3357.206
70386275,3357.91
70386275,3357.312
70367865,1697.315
70386275,3357.006
70367865,1638.691
70367865,1589.989
70367865,1600.769
70367865,1598.69
70367865,1597.432
70367865,1585.12
70386275,3355.147
70367865,1575.457
70367865,1569.009
70367865,1565.888
70367865,1559.536
70367865,1549.901
70386275,3374.929
70386275,3375.295
70367865,1511.022
70367865,1514.47
70367865,1523.232
70386275,3374.149
70367865,1519.989
70367865,1510.997
70367865,1628.879
70386275,3373.375
70367865,1832.531
70367865,1819.37
70367865,1836.506
70367865,1864.255
70367865,1840.107
70386275,3373.24
70367865,1832.117
70367865,1828.182
70386275,3373.389
70367865,1783.526
70386275,3477.118
70386275,3477.394
70386275,3477.513
70367865,1737.922
70367865,1725.501
70367865,1709.069
70386275,3477.609
70367865,1696.25
70367865,1747.83
70386275,3478.204
70386275,3478.76
70386275,3478.775
70367865,1794.169
70386275,3478.674
70367865,1793.184
70386275,3479.003
70367865,1793.937
70367865,1794.09
70367865,1793.644
70367865,1793.428
70386275,3480.417
70367865,1792.394
70367865,1839.54
70386275,3480.543
70367865,1854.352
70367865,1853.915
70386275,3481.04
70386275,3491.888
70367865,1853.665
70367865,1853.558
70367865,1853.189
70367865,1853.698
70386275,3491.906
70367865,1853.561
70386275,3492.059
70367865,1851.465
70367865,1920.915
70367865,1954.449
70367865,1954.522
70386275,3492.722
70367865,1955.185
70386275,3493.101
70367865,1955.685
70367865,1956.597
70367865,1956.93
70386275,3493.218
70367865,1957.248
70367865,1983.866
70367865,2018.896
70386275,3493.618
70367865,2019.773
70367865,2020.134
70386275,3493.726
70386275,3494.004
70386275,3494.214
70367865,2020.58
70367865,2037.841
70367865,2090.228
70367865,2090.929
70367865,2093.35
70386275,3491.064
70367865,2093.817
70386275,3490.844
70367865,2094.28
70367865,2295.415
70386275,3490.265
70367865,2296.258
70367865,2317.729
70367865,2347.127
70367865,2351.169
70386275,3489.399
70367865,2351.9
70367865,2352.338
70386275,3488.51
70367865,2353.037
70386275,3487.947
70367865,2354.049
70367865,2354.735
70367865,12343.923
70386275,3526.802
70367865,2355.188
70367865,12341.217
70386275,3526.449
70367865,2357.765
70367865,12306.602
70386275,3526.237
70386275,3526.054
70367865,12159.218
70367865,12159.818
70367865,12155.135
70367865,12154.809
70386275,3512.488
70386275,3525.654
70386275,3513.087
70367865,2532.464
70386275,3525.363
70386275,3512.445
70386275,1724.015
70367865,12152.347
70367865,12149.848
70386275,3512.441
70386275,3513.399
70386275,3524.922
70386275,1723.672
70367865,2532.75
70367865,12148.425
70367865,2534.65
70386275,1723.945
70367865,12142.172
70367865,12145.566
70386275,3512.542
70367865,12138.222
70367865,12140.938
70367865,12037.123
70367865,12035.875
70386275,3524.152
70367865,12135.303
70367865,12035.463
70367865,12034.82
70367865,12054.897
70367865,12128.586
70367865,12132.744
70386275,3516.696
70386275,3516.903
70386275,3514.077
70367865,2550.699
70367865,12033.788
70386275,1722.795
70386275,3522.982
70386275,3518.976
70367865,12032.771
70386275,3520.766
70386275,1726.36
70386275,1724.593
70386275,3512.598
70367865,12031.967
70367865,12029.818
70386275,1762.116
70386275,1726.47
70386275,1761.567
70386275,1763.921
70386275,1756.571
70386275,3512.567
70386275,1765.222
70386275,1726.765
70386275,1726.661
70367865,12024.846
70386275,1758.238
70367865,2551.354
70386275,1723.038
70386275,1721.014
70367865,12002.173
70386275,1719.745
70367865,12001.767
70386275,1755.265
70367865,11991.001
70367865,11991.873
70386275,1722.359
70386275,1723.984
70386275,1720.245
70367865,2639.007
70367865,2698.239
70367865,11990.562
70367865,2747.584
70367865,2747.917
70367865,11989.657
70386275,3512.515
70367865,11915.933
70386275,1719.077
70367865,11915.322
70367865,3020.962
70367865,11808.2
70386275,3512.473
70386275,1754.737
70367865,3020.209
70367865,3020.022
70367865,3067.4
70367865,2748.497
70367865,2748.81
70367865,11807.894
70367865,2996.605
70367865,11807.541
70367865,2749.422
70386275,3513.161
70367865,3158.638
70386275,3513.127
70367865,2749.682
70367865,3181.563
70367865,11807.273
70367865,2749.837
70367865,2915.454
70386275,1717.705
70367865,11806.942
70386275,1754.72
70367865,3215.883
70386275,3512.924
70386275,3512.893
70367865,11803.359
70367865,11802.531
70386275,1754.884
70386275,1717.008
70367865,11796.511
70386275,1715.244
70386275,1714.766
70386275,3512.827
70367865,11795.763
70386275,1755.034
70367865,11795.109
70367865,11788.747
70367865,3364.142
70367865,11788.117
70386275,1755.064
70367865,11787.354
70367865,11786.165
70386275,1293.232
70386275,1755.089
70386275,1292.97
70386275,3512.29
70386275,1292.141
70367865,11723.005
70367865,11061.337
70367865,3706.131
70386275,1755.1
70367865,11064.162
70386275,1286.991
70367865,11065.888
70386275,1755.18
70386275,1285.843
70367865,11065.727
70386275,1755.189
70386275,1755.252
70367865,11069.229
70367865,10996.085
70386275,3511.14
70367865,10997.835
70386275,1755.266
70367865,10997.466
70386275,7583.171
70386275,7579.948
70386275,3607.515
70386275,1755.271
70386275,1285.386
70367865,3957.338
70386275,3606.997
70386275,1755.266
70367865,10997.005
70386275,7570.115
70386275,3606.906
70367865,10999.849
70386275,3609.81
70386275,1284.696
70367865,4049.141
70386275,3609.473
70386275,1755.618
70367865,11003.188
70367865,10995.64
70386275,7522.097
70386275,7520.964
70386275,7517.532
70367865,4106.745
70386275,7525.88
70386275,7564.092
70367865,4142.012
70386275,7511.91
70386275,5364.624
70367865,10976.364
70386275,1283.941
70367865,10981.037
70386275,7557.714
70386275,7508.352
70386275,7553.481
70386275,7540.568
70386275,7501.572
70386275,5364.522
70367865,10945.616
70386275,7500.685
70367865,4349.691
70386275,5364.529
70386275,1282.68
70367865,4373.109
70386275,5364.562
70367865,10599.176
70386275,7495.435
70386275,7494.328
70386275,1282.184
70386275,5364.529
70386275,1281.629
70367865,4476.72
70386275,5364.745
70386275,5364.756
70367865,10604.61
70386275,1206.63
70367865,4525.571
70367865,10614.835
70386275,7207.655
70367865,4527.36
70367865,4530.922
70386275,7206.798
70386275,7183.114
70386275,7181.63
70386275,5379.386
70367865,4535.156
70386275,1206.257
70367865,10164.712
70386275,1205.426
70386275,1205.237
70386275,7181.141
70386275,7180.24
70386275,5379.407
70386275,7177.061
70386275,5379.737
70386275,5379.768
70386275,5379.954
70386275,1205.121
70386275,7176.718
70386275,7176.009
70386275,5379.936
70386275,5379.924
70386275,5379.871
70386275,5380.013
70386275,1204.942
70386275,5401.964
70386275,5401.939
70367865,10173.126
70386275,5402.142
70386275,1204.852
70386275,5402.009
70386275,5402.174
70367865,10172.655
70386275,7175.753
70367865,4539.69
70386275,5402.108
70367865,4539.819
70386275,1204.139
70386275,7175.592
70386275,5402.157
70367865,1051.774
70367865,1053.058
70386275,7175.281
70386275,5402.112
70367865,1041.863
70386275,5402.664
70367865,1038.473
70367865,1053.424
70386275,7157.372
70386275,5402.627
70386275,5402.621
70386275,1203.692
70367865,1035.43
70386275,5403.826
70367865,1060.227
70386275,5403.788
70386275,5403.803
70386275,7027.357
70367865,2435.577
70367865,2621.249
70367865,2647.15
70367865,10172.336
70386275,5403.61
70367865,2261.329
70367865,2410.392
70367865,2652.13
70367865,2653.404
70367865,2655.066
70367865,1031.457
70367865,1060.571
70367865,1065.273
70367865,2659.308
70367865,2662.365
70367865,1033.661
70367865,1126.042
70367865,2666.229
70367865,4540.339
70386275,5404.322
70386275,5404.35
70386275,5403.784
70367865,1126.708
70367865,1126.981
70367865,2198.441
70386275,5405.161
70367865,1127.25
70367865,1254.271
70367865,1766.865
70367865,1964.009
70367865,2671.72
70367865,2708.371
70367865,1319.705
70367865,1393.427
70367865,1430.345
70367865,1604.161
70367865,1691.985
70367865,4540.435
70367865,2716.103
70386275,5405.109
70367865,1039.081
70367865,1032.624
70367865,2719.568
70386275,5409.869
70367865,2722.719
70386275,5410.204
70367865,2722.912
70367865,10169.355
70419457,1023.681
70367865,2723.07
70367865,2724.203
70367865,4540.638
70419457,1024.356
70386275,5410.214
70367865,1032.274
70386275,5410.563
70367865,2728.467
70367865,4541.001
70386275,5734.969
70386275,5378.638
70386275,5410.886
70386275,5410.821
70386275,5702.652
70386275,5452.459
70367865,1035.587
70419457,1026.056
70386275,5735.475
70386275,5405.487
70386275,5411.004
70386275,5410.973
70386275,5736.246
70386275,5672.507
70367865,10168.171
70386275,5737.229
70386275,5737.02
70386275,5667.148
70367865,7269.533
70386275,5784.098
70386275,5783.48
70386275,5751.781
70386275,5751.435
70386275,5442.204
70386275,5411.239
70386275,5411.131
70386275,5784.472
70386275,5755.856
70386275,5755.154
70386275,5754.992
70386275,5752.326
70386275,5665.571
70367865,10063.394
70386275,5784.855
70386275,5754.85
70386275,5754.351
70386275,5753.687
70386275,5753.125
70386275,5752.696
70386275,5667.73
70386275,5665.017
70386275,5408.239
70386275,5412.863
70386275,5411.254
70367865,7269.645
70367865,7275.323
70386275,5671.824
70386275,5670.349
70386275,7009.943
70386275,5426.44
70367865,7276.16
70386275,5787.508
70367865,7276.245
70367865,10062.738
70419457,1027.695
70386275,5787.946
70386275,5419.959
70386275,5793.515
70419457,1079.433
70367865,7276.446
70386275,7010.447
70367865,7276.594
70386275,5798.849
70386275,5794.558
70386275,5408.353
70367865,7278.856
70386275,5911.844
70386275,5616.441
70367865,1781.637
70367865,1781.065
70386275,5799.772
70386275,5597.825
70386275,5597.52
70386275,5401.242
70367865,7281.813
70367865,1779.466
70386275,5799.985
70367865,7281.978
70367865,1777.856
70367865,1866.334
70386275,5801.658
70367865,1778.365
70367865,1778.379
70367865,1778.099
70367865,1776.087
70367865,1865.773
70386275,5801.897
70386275,5614.701
70367865,1865.484
70419457,1080.979
70386275,5803.993
70386275,5802.271
70367865,1865.422
70386275,5804.575
70386275,5598.055
70386275,5805.565
70386275,5805.384
70386275,5598.195
70367865,7282.199
70367865,1782.692
70386275,5910.653
70386275,5806.861
70386275,5614.504
70367865,7302.231
70367865,1752.908
70367865,10060.349
70419457,1085.776
70386275,5910.163
70386275,5909.994
70386275,5807.185
70386275,5610.792
70386275,5610.269
70386275,5909.799
70386275,5909.128
70386275,5808.426
70386275,5807.989
70367865,1861.876
70419457,1087.373
70367865,1752.549
70367865,1861.25
70367865,1861.867
70386275,5906.739
70386275,5810.107
70386275,5809.871
70386275,5810.431
70367865,7303.481
70367865,10059.657
70386275,5906.564
70386275,5811.8
70367865,7303.667
70367865,1861.421
70367865,1710.622
70367865,1756.428
70367865,1861.597
70367865,1862.712
70386275,5905.417
70386275,5812.403
70419457,1088.902
70386275,5878.788
70386275,5875.273
70386275,5875.052
70386275,5874.644
70386275,5874.457
70386275,1098.688
70386275,5819.223
70386275,5812.634
70367865,1723.316
70367865,7303.889
70367865,10059.402
70367865,7306.319
70367865,10057.612
70386275,1097.138
70367865,7309.346
70367865,1722.734
70419457,1089.749
70386275,5816.688
70386275,5814.603
70367865,1725.522
70419457,1099.316
70367865,7309.48
70386275,1096.629
70386275,1096.025
70367865,1726.618
70367865,1863.286
70419457,1100.17
70367865,1734.411
70367865,10056.892
70367865,1026.025
70367865,1149.856
70367865,7309.627
70367865,1026.218
70367865,1150.134
70367865,1150.514
70367865,1590.311
70367865,1863.9
70367865,1026.938
70367865,1149.129
70419457,1100.842
70386275,1095.155
70367865,1027.183
70367865,1150.774
70367865,1905.74
70367865,1914.18
70367865,1914.426
70367865,10054.064
70367865,1914.705
70367865,1914.927
70367865,1595.216
70367865,1915.054
70367865,7309.487
70367865,7309.405
70367865,1027.435
70367865,1915.988
70367865,7309.257
70367865,1144.477
70367865,1596.77
70367865,1596.758
70419457,1102.187
70367865,1140.743
70367865,1152.762
70367865,1916.358
70367865,1596.675
70419457,1103.627
70367865,1028.298
70367865,1140.526
70367865,1152.918
70367865,10052.718
70367865,1153.081
70367865,1591.013
70367865,1917.034
70367865,7517.702
70367865,10051.426
70367865,7517.512
70367865,1589.403
70367865,1028.529
70367865,1140.399
70367865,1029.266
70367865,1130.301
70367865,1917.723
70367865,1589.769
70367865,1918.123
70367865,1918.71
70367865,10050.857
70386275,1094.052
70367865,1226.259
70367865,7516.795
70367865,1920.37
70367865,10046.067
70367865,7516.027
70419457,1106.601
70386275,1089.268
70367865,10042.762
70367865,10043.943
70367865,10041.125
70367865,1155.004
70367865,1921.723
70386275,1088.828
70367865,10041.358
70367865,10042.621
70367865,10040.499
70367865,9996.414
70367865,1923.904
70367865,1924.202
70367865,9995.32
70367865,7514.779
70367865,1153.651
70367865,1923.034
70367865,7516.684
70367865,1154.858
70386275,1088.203
70367865,7520.424
70367865,1154.095
70367865,1154.269
70367865,1154.658
70386275,1087.985
70419457,1108.405
70367865,7519.261
70419457,1120.358
70367865,8071.0
70367865,7517.345
70367865,8068.338
70367865,8065.146
70419457,1121.399
70419457,1121.874
70367865,8061.983
70367865,8062.521
70367865,8063.767
70419457,1122.421
70419457,1186.835
70419457,1187.306
70419457,1188.257
70419457,1188.686
70367865,7510.277
70367865,7510.598
70367865,8060.391
70367865,8059.032
70367865,8050.776
70367865,8050.296
70367865,8049.737
70367865,7508.9
70367865,8049.025
70367865,8047.167
70367865,8042.371
70367865,7511.159
70367865,7510.324
70367865,8041.97
70367865,8041.323
70367865,7509.196
70367865,8040.871
70367865,8031.248
70367865,7507.946
70367865,8030.932
70367865,8030.377
70367865,8029.057
70367865,8029.526
70367865,8028.882
70367865,7510.876
70367865,8008.645
70367865,7963.712
70367865,7509.705
70367865,7963.012
70367865,7508.764
70367865,7855.471
70367865,7853.019
70367865,7852.374
70367865,7852.685
70367865,7850.881
70367865,7505.49
70367865,7850.409
70367865,7505.347
70367865,7849.461
70367865,7846.475
70367865,7848.59
70367865,7845.268
70367865,7529.807
70367865,7843.302
70367865,7527.329
70367865,7842.737
70367865,7841.952
70367865,7841.836
70367865,7531.033
70367865,7840.98
70367865,7541.567
70367865,7537.628
70367865,7840.688
70367865,7839.79
70367865,7839.437
70367865,7839.117
70367865,7523.165
70367865,7520.298
70367865,7505.318
70367865,7750.867
70367865,7508.251
70367865,7493.781
70367865,7749.897
70367865,7483.339
70367865,7468.771
70367865,7969.816
70367865,7967.337
70367865,7963.134
70367865,7748.285
70367865,7741.954
70367865,7739.615
70367865,7999.073
70367865,7737.152
70367865,7999.384
70367865,7999.686
70367865,7733.866
70367865,7729.76
70367865,7999.273
70367865,7728.181
70367865,8004.834
70367865,8004.791
70367865,8187.842
70367865,8189.782
70367865,7723.565
70367865,7715.528
70367865,7699.627
70367865,7698.199
70367865,8195.053
70367865,8195.255
70367865,7696.398
70367865,8195.33
70367865,7438.599
70367865,8195.298
70367865,7437.186
70367865,8195.092
70367865,8199.705
70367865,8200.444
70367865,7435.037
70367865,7432.363
70367865,8199.876
70367865,7432.069
70367865,8205.463
70367865,8205.528
70367865,7430.096
70367865,7429.275
70367865,7243.012
70367865,7241.713
70367865,7153.912
70367865,8209.15
70367865,7141.579
70367865,8210.576
70367865,6875.094
70367865,6874.941
70367865,6870.984
70367865,8215.921
70367865,6845.279
70367865,6842.271
70367865,8216.332
70367865,8216.616
70814357,1035.826
70367865,6837.665
70367865,6829.898
70367865,6828.986
70367865,8219.589
70367865,6827.373
70367865,8220.395
70367865,6820.8
70367865,6819.98
70814357,1035.882
70367865,6801.986
70814357,1036.107
70367865,8228.587
70814357,1037.115
70367865,8228.716
70367865,6793.155
70367865,6784.99
70814357,1046.8
70367865,6778.717
70367865,6772.148
70814357,1047.985
70367865,8229.182
70367865,6744.895
70367865,6756.131
70367865,8255.74
70814357,1085.148
70367865,8259.953
70367865,6743.367
70367865,8260.055
70367865,6731.874
70367865,8260.306
70367865,6731.445
70814357,1085.177
70814357,1015.836
70367865,6731.22
70367865,6723.0
70814357,1018.193
70814357,1017.966
70367865,6712.966
70814357,1017.347
70367865,6712.192
70367865,6711.536
70367865,6704.436
70367865,6693.884
70367865,8260.76
70367865,6693.619
70367865,6693.045
70367865,6462.984
70367865,6449.487
70367865,6455.89
70367865,6446.202
70367865,6444.647
70367865,6449.247
70367865,6452.975
70367865,6458.657
70367865,6462.452
70367865,6466.527
70367865,6466.894
70367865,6473.26
70367865,6477.064
70367865,6491.12
70367865,6498.591
70367865,6498.911
70367865,6499.157
70367865,6505.01
70367865,6512.699
70367865,6513.11
70367865,6516.187
70367865,6521.595
70367865,6529.464
70367865,6532.973
70367865,6539.611
70367865,6539.902
70367865,6548.68
70367865,6549.087
70367865,6555.205
70367865,6555.361
70367865,6669.781
70367865,6478.179
70814357,1085.286
70814357,1089.619
70814357,1089.709
70367865,6475.498
70367865,8261.084
70367865,8261.548
70814357,1016.386
70367865,8275.066
70814357,1016.403
70814357,1016.207
70814357,1016.152
70367865,8275.742
70814357,1089.649
70367865,6485.028
70814357,1015.978
70367865,6487.582
70367865,8275.854
70367865,8304.399
70814357,1016.115
70814357,1093.325
70367865,6447.808
70814357,1016.755
70367865,8368.359
70814357,1118.167
70814357,1016.913
70367865,8425.243
70367865,8436.694
70814357,1016.963
70814357,1017.005
70814357,1017.036
70814357,1118.459
70814357,1118.819
70367865,8524.396
70814357,1119.128
70814357,1120.647
70367865,8545.763
70814357,1120.861
70814357,1017.687
70367865,8595.651
70814357,1122.189
70814357,1122.876
70367865,8637.407
70367865,6764.27
70814357,1017.795
70367865,7819.864
70367865,8665.914
70814357,1023.986
70814357,1123.773
70367865,8729.988
70367865,8748.367
70814357,1124.043
70814357,1124.578
70814357,1124.211
70814357,1024.038
70814357,1124.81
70814357,1026.525
70367865,8878.363
70814357,1026.754
70814357,1125.118
70367865,7845.498
70814357,1125.354
70367865,8914.246
70814357,1026.851
70814357,1028.207
70367865,8957.706
70367865,8967.283
70814357,1028.712
70814357,1127.534
70814357,1028.756
70367865,9010.115
70814357,1028.878
70814357,1028.978
70814357,1031.423
70367865,8716.061
70367865,9322.077
70367865,9053.293
70814357,1031.51
70814357,1132.546
70367865,9104.634
70367865,9111.874
70814357,1133.354
70367865,9400.406
70814357,1031.955
70814357,1032.069
70814357,1134.007
70814357,1134.896
70367865,9162.344
70367865,9689.433
70814357,1031.841
70367865,9794.815
70814357,1031.74
70367865,9172.191
70367865,9795.484
70367865,9796.455
70367865,9172.599
70814357,1030.727
70814357,1426.569
70367865,9172.894
70814357,1030.905
70367865,9796.346
70814357,1429.419
70814357,1030.409
70814357,1430.799
70367865,9779.762
70814357,1029.752
70814357,1025.882
70814357,1020.886
70814357,1018.785
70367865,9778.979
70814357,1010.563
70814357,1009.443
70814357,1433.666
70814357,1434.427
70367865,9174.398
70814357,1029.018
70814357,1034.966
70814357,1034.129
70814357,1042.09
70814357,1055.247
70367865,9778.605
70367865,9778.933
70814357,1436.02
70367865,9174.909
70814357,1042.018
70367865,9778.362
70367865,9177.688
70367865,9774.024
70814357,1055.682
70367865,9774.82
70814357,1041.385
70367865,9775.355
70814357,1073.041
70814357,1069.592
70814357,1074.16
70367865,9178.358
70367865,9775.137
70814357,1441.137
70367865,9775.956
70367865,9178.688
70367865,9774.136
70367865,9178.811
70814357,1443.45
70814357,1009.968
70367865,9776.98
70367865,9774.425
70367865,9775.688
70814357,1448.173
70814357,1486.012
70367865,9750.395
70367865,9182.253
70814357,1009.494
70367865,9751.038
70367865,9751.623
70367865,9752.291
70814357,1486.271
70367865,9752.08
70814357,1009.329
70814357,1486.583
70367865,9182.729
70367865,9750.5
70814357,1487.151
70367865,9752.033
70367865,9752.092
70814357,1008.619
70814357,1487.459
70814357,1487.787
70814357,1008.406
70367865,9751.856
70367865,9183.056
70367865,9751.268
70367865,9750.571
70367865,9704.869
70814357,1495.076
70814357,1502.559
70367865,9707.731
70367865,9714.846
70367865,9712.884
70814357,1506.152
70367865,9714.467
70367865,9714.738
70814357,1007.253
70814357,1007.402
70367865,9717.012
70814357,1009.223
70367865,9183.629
70367865,9183.684
70367865,9724.141
70814357,1009.201
70814357,1008.939
70814357,1506.537
70367865,9183.857
70367865,9727.195
70814357,1009.123
70367865,9721.861
70814357,1071.892
70814357,1072.727
70814357,1011.565
70814357,1011.741
70814357,1506.825
70367865,9724.012
70367865,9719.388
70367865,9184.222
70814357,1508.626
70367865,9186.941
70367865,9715.928
70367865,9700.696
70367865,9199.593
70367865,9695.191
70367865,9695.717
70814357,1509.534
70367865,9199.692
70367865,9694.54
70367865,9693.368
70814357,1509.731
70367865,9217.312
70814357,1510.198
70367865,9217.938
70367865,9690.396
70814357,1511.495
70367865,9683.538
70367865,9689.437
70367865,9218.534
70367865,9681.428
70814357,1512.682
70367865,9260.518
70814357,1084.953
70814357,1517.357
70367865,9681.084
70367865,9678.496
70367865,9261.328
70367865,9671.616
70814357,1085.182
70367865,9667.903
70367865,9262.285
70367865,9664.841
70814357,1517.73
70367865,9262.612
70367865,9666.362
70814357,1085.328
70367865,9656.223
70367865,9262.929
70367865,9649.403
70814357,1518.078
70367865,9652.063
70814357,1088.024
70367865,9649.666
70814357,1519.179
70367865,9273.125
70814357,1519.98
70367865,9651.331
70814357,1088.322
70367865,9640.298
70367865,9646.771
70367865,9273.401
70367865,9640.787
70367865,9642.584
70367865,9643.765
70367865,9644.758
70367865,9645.385
70814357,1520.291
70814357,1520.909
70367865,9641.819
70814357,1521.313
70367865,9639.079
70367865,9637.213
70814357,1088.555
70367865,9639.262
70814357,1563.278
70367865,9638.656
70367865,9639.847
70814357,1563.577
70367865,9640.304
70814357,1088.751
70367865,9274.716
70367865,9636.86
70367865,9638.744
70367865,9637.501
70367865,9640.51
70814357,1088.885
70814357,1569.701
70367865,9638.074
70814357,1089.058
70367865,9640.94
70367865,9638.354
70367865,9619.504
70367865,9616.04
70814357,1089.29
70814357,1571.626
70367865,9619.711
70367865,9618.749
70814357,1578.406
70367865,9619.823
70814357,1090.662
70367865,9611.286
70367865,9616.661
70814357,1090.762
70367865,9277.053
70367865,9608.18
70814357,1090.868
70367865,9278.661
70367865,9612.095
70814357,1579.004
70367865,9615.071
70367865,9293.65
70367865,9618.732
70814357,1090.984
70367865,9293.87
70814357,1090.912
70814357,1091.01
70367865,9614.11
70814357,1090.711
70367865,9615.199
70367865,9615.354
70367865,9617.683
70367865,9294.048
70367865,9619.255
70814357,1578.024
70367865,9590.106
70367865,9620.688
70367865,9590.732
70367865,9589.333
70367865,9589.308
70814357,1090.215
70367865,9295.92
70814357,1578.992
70814357,1581.021
70367865,9296.027
70367865,9589.526
70367865,9592.708
70367865,9582.315
70814357,1090.601
70367865,9583.815
70367865,9298.994
70367865,9494.979
70367865,9586.447
70814357,1090.471
70367865,9495.138
70367865,9495.26
70367865,9497.095
70367865,9593.009
70367865,9589.462
70814357,1090.181
70814357,1578.959
70814357,1580.072
70367865,9589.095
70367865,9593.067
70814357,1090.073
70814357,1579.292
70367865,9500.176
70367865,9585.513
70367865,9499.938
70367865,9499.535
70814357,1151.003
70367865,9500.611
70367865,9503.682
70367865,9586.06
70367865,9502.667
70367865,9514.729
70367865,9570.955
70367865,9571.484
70814357,1578.234
70814357,1578.487
70367865,9572.331
70367865,9571.573
70367865,9512.814
70367865,9570.258
70367865,9511.687
70367865,9514.699
70814357,1150.409
70367865,9569.41
70814357,1156.728
70367865,9569.727
70367865,9513.999
70367865,9562.521
70814357,1634.155
70367865,9561.407
70367865,9511.479
70367865,9561.601
70367865,9560.973
70367865,9560.462
70814357,1633.689
70814357,1157.509
70814357,1157.386
70814357,1632.753
70814357,1156.68
70814357,1630.445
70814357,1156.712
70814357,1630.163
70814357,1157.933
70814357,1630.449
70814357,1157.706
70814357,1630.581
70814357,1629.612
70814357,1157.773
70814357,1158.502
70814357,1871.507
70814357,1630.834
70814357,1160.136
70814357,1160.438
70814357,1871.72
70814357,1161.784
70814357,1872.04
70814357,1871.968
70814357,1872.21
70814357,1872.215
70814357,1872.239
70814357,1872.168
70814357,1873.025
70814357,1873.794
70814357,1874.097
70814357,1873.644
70814357,1178.542
70814357,1179.089
70814357,1874.696
70814357,1179.319
70814357,1179.499
70814357,1179.639
70814357,1875.528
70814357,1182.259
70814357,1182.561
70814357,1877.563
70814357,1878.079
70814357,1182.97
70814357,1183.122
70814357,1878.505
70814357,1186.913
70814357,1878.814
70814357,2162.844
70814357,2164.431
70814357,1187.569
70814357,2174.404
70814357,1187.766
70814357,2178.19
70814357,1187.913
70814357,1193.649
70814357,1521.734
70814357,1522.164
70814357,1519.024
70814357,2178.33
70814357,1516.38
70814357,1512.472
70814357,2180.196
70814357,1511.596
70814357,2195.335
70814357,1507.652
70814357,1506.779
70814357,2196.776
70814357,2200.523
70814357,1501.727
70814357,1500.419
70814357,1494.849
70814357,1494.036
70814357,1493.196
70814357,2202.244
70814357,2301.25
70814357,1109.532
70814357,1489.01
70814357,1488.601
70814357,2301.537
70814357,1108.812
70814357,1483.262
70814357,1483.016
70814357,2302.18
70814357,1115.249
70814357,1113.295
70814357,1112.762
70814357,1114.789
70814357,2303.762
70814357,1134.368
70814357,2305.169
70814357,1112.528
70814357,2306.962
70814357,1135.237
70814357,1135.069
70814357,1135.693
70814357,2307.902
70814357,2308.198
70814357,1474.069
70814357,1136.788
70814357,2309.293
70814357,2312.198
70814357,2312.563
70814357,1146.085
70814357,1468.988
70814357,1466.678
70814357,1460.729
70814357,2313.68
70814357,1147.675
70814357,1148.119
70814357,1513.835
70814357,1148.966
70814357,2315.81
70814357,1513.98
70814357,2317.001
70814357,1514.233
70814357,1149.955
70814357,2318.543
70814357,1514.427
70814357,1153.015
70814357,2320.025
70814357,2321.269
70814357,1155.147
70814357,2322.168
70580124,1001.435
70814357,2324.683
70814357,1156.307
70580124,1010.571
70580124,1010.077
70580124,1011.94
70814357,1514.753
70814357,1158.633
70580124,1013.258
70580124,1013.948
70814357,1515.385
70814357,2562.12
70814357,1160.382
70814357,1529.69
70814357,1529.994
70814357,1530.269
70814357,1163.773
70814357,1531.43
70814357,2563.787
70814357,2574.491
70580124,1014.877
70814357,2575.028
70814357,1170.055
70580124,1032.279
70814357,1531.823
70814357,2576.632
70814357,1177.773
70580124,1033.276
70580124,1033.72
70814357,1178.706
70580124,1041.654
70580124,1041.825
70814357,1528.089
70814357,1180.212
70814357,1181.423
70580124,1042.201
70814357,1525.361
70814357,2579.327
70814357,1188.227
70814357,1532.909
70580124,1066.424
70580124,1067.205
70814357,1189.216
70580124,1069.263
70814357,1530.247
70580124,1069.422
70580124,1088.836
70814357,1529.551
70580124,1089.134
70814357,1191.476
70580124,1089.864
70814357,2581.151
70814357,1195.642
70580124,1100.761
70814357,1207.422
70580124,1101.173
70580124,1101.856
70814357,2592.204
70814357,1524.539
70814357,1553.503
70814357,1208.433
70580124,1106.293
70814357,1551.087
70580124,1107.748
70814357,1209.252
70814357,1552.503
70814357,2595.08
70580124,1108.202
70814357,2605.813
70580124,1108.357
70580124,1108.518
70814357,1552.722
70814357,1213.103
70580124,1109.399
70814357,1555.253
70814357,1556.21
70814357,2607.713
70814357,1213.6
70580124,1110.682
70814357,1556.947
70814357,2609.502
70814357,1217.206
70814357,1217.027
70814357,1214.133
70814357,1557.195
70814357,1561.644
70814357,1562.168
70814357,1599.081
70814357,1563.676
70814357,1217.778
70814357,1562.355
70580124,1131.718
70814357,1599.281
70814357,2611.097
70580124,1138.715
70814357,1562.684
70814357,1563.057
70814357,1563.303
70814357,1217.999
70814357,1599.773
70814357,1218.155
70814357,2642.84
70580124,1139.824
70580124,1140.115
70814357,1600.098
70814357,1224.021
70814357,2652.468
70814357,1224.271
70580124,1140.691
70580124,1141.222
70814357,1233.79
70814357,1600.747
70814357,1234.033
70814357,1601.009
70580124,1147.07
70814357,1234.305
70580124,1147.778
70580124,1147.974
70814357,1601.204
70814357,1237.864
70814357,1603.043
70814357,2658.801
70814357,1602.545
70814357,1602.253
70814357,1601.684
70580124,1148.73
70814357,2659.967
70814357,1238.84
70580124,1149.048
70814357,1239.604
70814357,2662.837
70814357,1603.501
70580124,1150.927
70814357,1603.956
70814357,1240.046
70814357,2664.524
70580124,1153.107
70814357,1240.246
70580124,1162.647
70814357,1604.421
70814357,1604.598
70580124,1169.964
70814357,1248.894
70814357,1249.09
70814357,2667.669
70580124,1170.533
70814357,1604.769
70814357,1605.082
70814357,1249.623
70814357,2673.844
70580124,1170.837
70814357,1607.973
70814357,1249.845
70814357,1249.885
70814357,1608.486
70814357,2678.204
70814357,1609.527
70814357,1611.289
70814357,2679.733
70814357,1614.372
70814357,1618.003
70814357,2736.873
70814357,1250.129
70814357,2737.361
70814357,1618.847
70814357,1290.574
70814357,1250.392
70814357,2738.103
70814357,1619.29
70814357,1535.523
70814357,1270.96
70814357,1620.214
70814357,2738.342
70814357,1282.363
70814357,1271.645
70814357,1270.915
70814357,2186.444
70814357,2033.619
70814357,1620.485
70814357,2026.596
70814357,2738.823
70814357,1271.71
70814357,2738.967
70814357,2745.563
70814357,1536.335
70814357,1272.719
70814357,1271.965
70814357,2187.167
70814357,1622.657
70814357,2187.847
70814357,2188.648
70814357,2188.982
70814357,2189.94
70814357,2026.365
70814357,1622.793
70814357,1622.982
70814357,2244.741
70814357,2745.908
70814357,1623.231
70814357,1536.855
70814357,2746.879
70814357,1622.33
70814357,1623.868
70814357,2025.894
70814357,1625.175
70814357,2024.664
70814357,2025.347
70814357,2748.007
70814357,2024.793
70814357,2246.639
70814357,2025.118
70814357,1625.364
70814357,2248.753
70814357,2263.855
70814357,1671.435
70814357,1987.112
70814357,1987.485
70814357,2009.672
70814357,2264.287
70814357,1671.72
70814357,2022.102
70814357,2017.386
70814357,1992.838
70814357,2009.239
70814357,1672.029
70814357,1672.205
70814357,1986.729
70814357,1625.835
70814357,1993.053
70814357,1672.778
70814357,1986.22
70814357,1998.754
70814357,1658.628
70814357,1985.776
70814357,1999.69
70814357,1673.609
70814357,2266.155
70814357,1985.599
70814357,2001.198
70814357,2001.348
70814357,2749.921
70814357,1658.795
70814357,2008.619
70814357,2001.88
70814357,2007.432
70814357,2000.302
70814357,2000.43
70814357,2750.027
70814357,2000.972
70814357,2267.49
70814357,1977.849
70814357,1984.251
70814357,3099.245
70814357,2267.874
70814357,1674.245
70814357,1674.352
70814357,1977.428
70814357,3093.745
70814357,3089.031
70814357,3110.791
70814357,1660.457
70814357,3114.606
70814357,3137.161
70814357,3005.434
70814357,3138.836
70814357,3006.782
70814357,3138.211
70814357,3259.407
70814357,1661.718
70814357,2269.865
70814357,3261.381
70814357,3118.497
70814357,3127.75
70814357,1662.203
70814357,3257.203
70814357,2270.807
70814357,3254.861
70814357,2750.578
70814357,2946.386
70814357,3255.008
70814357,2945.268
70814357,2752.214
70814357,3264.329
70814357,2944.968
70814357,2271.962
70814357,2272.723
70814357,2752.374
70814357,2944.603
70814357,1683.145
70814357,2752.657
70814357,2273.007
70814357,1682.819
70814357,1682.552
70814357,1668.388
70814357,2752.813
70814357,3260.869
70814357,1684.13
70814357,2273.303
70814357,2338.385
70814357,2944.102
70814357,2336.854
70814357,2337.048
70814357,2341.705
70814357,1688.799
70814357,2342.669
70814357,1669.029
70814357,3612.93
70814357,2934.37
70814357,1682.224
70814357,3609.595
70814357,1681.881
70814357,1669.342
70814357,3602.133
70814357,1673.301
70814357,3259.382
70814357,1690.741
70814357,1691.485
70814357,2778.957
70814357,3259.722
70814357,3259.208
70814357,3258.662
70814357,2753.241
70814357,2782.975
70814357,2928.34
70814357,1673.751
70814357,2779.54
70814357,3260.24
70814357,1692.467
70814357,1681.686
70814357,1680.615
70814357,1680.953
70814357,2346.944
70814357,1693.897
70814357,2905.031
70814357,1681.215
70814357,2780.165
70814357,2949.262
70814357,3259.741
70814357,3591.221
70814357,2352.897
70814357,1695.606
70814357,2353.427
70814357,2955.831
70814357,3261.756
70814357,2898.151
70814357,2944.007
70814357,1696.537
70814357,2965.553
70814357,2959.519
70814357,2353.854
70814357,2968.785
70814357,2886.976
70814357,2363.376
70814357,3588.623
70814357,2933.591
70814357,3593.997
70814357,3261.081
70814357,2879.981
70814357,2215.683
70814357,2364.561
70814357,2874.259
70814357,2859.17
70814357,2969.869
70814357,3259.153
70814357,3260.703
70814357,3258.027
70814357,2800.341
70814357,6517.832
70814357,3258.028
70814357,3258.464
70814357,2857.509
70814357,2840.918
70814357,2834.991
70814357,2809.196
70814357,2366.431
70814357,2790.524
70814357,2784.471
70814357,2973.056
70814357,3257.618
70814357,2502.256
70814357,2975.61
70814357,2780.975
70814357,3258.021
70814357,3515.824
70814357,2502.545
70814357,3515.597
70814357,2219.291
70814357,3515.705
70814357,3258.235
70814357,2512.239
70814357,2237.346
70814357,2975.811
70814357,6504.885
70814357,3511.274
70814357,3260.322
70814357,3510.842
70814357,2496.178
70814357,6503.76
70814357,2778.516
70814357,2710.351
70814357,2957.042
70814357,3516.115
70814357,2832.704
70814357,2833.311
70814357,2771.117
70814357,2833.616
70814357,2835.165
70814357,2958.619
70814357,2831.926
70814357,2957.293
70814357,2957.808
70814357,2957.905
70814357,6500.646
70814357,2367.328
70814357,2947.115
70814357,3516.298
70814357,2239.033
70814357,3510.655
70814357,2830.5
70814357,3516.336
70814357,3506.462
70814357,3260.189
70814357,2769.784
70814357,2749.005
70814357,2746.241
70814357,2828.033
70814357,2829.454
70814357,2974.55
70814357,2974.853
70814357,2975.5
70814357,6497.575
70814357,2711.107
70814357,2710.95
70814357,2239.575
70814357,2373.709
70814357,2838.37
70814357,2946.33
70814357,2374.105
70814357,2374.647
70814357,2375.017
70814357,2959.616
70814357,2740.749
70814357,2959.701
70814357,3516.368
70814357,2375.206
70814357,2959.813
70814357,2726.188
70814357,6493.033
70814357,2712.423
70814357,2819.016
70814357,2725.476
70814357,2765.839
70814357,2751.819
70814357,2973.998
70814357,2725.265
70814357,2375.786
70814357,2763.036
70814357,2241.412
70814357,2817.055
70814357,2759.564
70814357,2754.24
70814357,2721.576
70814357,2712.979
70814357,2960.05
70814357,2812.161
70814357,2713.274
70814357,2491.324
70814357,2382.302
70814357,6487.118
70814357,3516.245
70814357,2721.076
70814357,2243.068
70814357,2724.584
70814357,2490.627
70814357,2961.552
70814357,2965.427
70814357,3516.516
70814357,2964.896
70814357,2965.031
70814357,2722.408
70814357,2490.359
70814357,2809.288
70814357,2972.559
70814357,2245.812
70814357,2245.112
70814357,2967.423
70814357,2383.226
70814357,2972.181
70814357,2490.196
70814357,2383.676
70814357,2404.039
70814357,6477.593
70814357,3517.299
70814357,2384.337
70814357,2969.169
70814357,2384.54
70814357,2401.687
70814357,2402.223
70814357,2402.615
70814357,2971.855
70814357,2470.01
70814357,2971.308
70814357,2970.126
70814357,3517.606
70814357,2469.253
70814357,2971.069
70814357,6472.286
70814357,6471.585
70814357,3517.808
70814357,6472.843
70814357,3518.157
70814357,2468.084
70814357,2467.494
70814357,2253.316
70814357,6468.149
70814357,3518.951
70814357,2253.823
70814357,2466.496
70814357,3518.604
70814357,2466.126
70814357,6468.212
70814357,2254.458
70814357,2465.948
70814357,2309.068
70814357,2254.814
70814357,2465.702
70814357,2311.904
70814357,2311.462
70814357,3516.875
70814357,2465.573
70814357,2321.399
70814357,2321.74
70814357,2334.506
70814357,2322.155
70814357,3519.199
70814357,3519.214
70814357,6468.828
70814357,6546.186
70814357,6546.646
70814357,3517.842
70814357,6547.134
70814357,3520.914
70814357,3521.146
70814357,6548.591
70814357,3520.557
70814357,6548.637
70814357,3520.205
70814357,3519.885
70814357,3525.351
70814357,3519.485
70814357,3520.386
70814357,3525.457
70814357,6548.71
70814357,3524.812
70814357,6552.005
70814357,3523.947
70814357,3524.619
70814357,6553.982
70814357,3640.007
70814357,6554.208
70814357,3640.15
70814357,3654.358
70814357,3655.054
70814357,3522.553
70814357,6554.631
70814357,3522.356
70814357,6556.37
70814357,6556.488
70814357,6556.735
70814357,3521.88
70814357,3659.524
70617856,1184.099
70814357,6559.492
70617856,1179.516
70814357,3660.734
70814357,3660.323
70814357,3632.639
70814357,6559.936
70814357,3524.175
70814357,3632.644
70814357,3524.05
70814357,3632.613
70814357,3629.609
70814357,3627.809
70814357,6560.137
70814357,3524.657
70814357,3622.159
70814357,3621.998
70814357,6560.357
70814357,3688.823
70814357,3662.827
70814357,3626.77
70814357,6560.572
70814357,6683.071
70814357,3663.511
70814357,3626.544
70814357,6560.737
70814357,6560.392
70814357,4045.396
70814357,3680.546
70814357,3626.331
70814357,3622.996
70814357,4033.773
70814357,3691.712
70814357,3691.446
70814357,3664.35
70814357,6682.883
70814357,4045.63
70814357,3692.345
70814357,3693.31
70814357,3693.067
70814357,3680.113
70814357,3696.637
70814357,3702.867
70814357,3672.624
70814357,3664.683
70814357,3705.0
70814357,4033.424
70814357,3702.824
70814357,6682.474
70814357,3703.583
70814357,3696.531
70814357,4053.107
70814357,3677.108
70814357,4053.539
70814357,3679.383
70814357,3678.816
70814357,6690.648
70814357,6690.553
70814357,1006.893
70814357,3696.478
70814357,3673.124
70814357,4052.361
70814357,4051.502
70814357,4051.363
70814357,4051.207
70814357,3693.135
70814357,3694.033
70814357,4053.875
70814357,6695.385
70814357,4050.715
70814357,3696.224
70814357,4046.177
70814357,3693.667
70814357,3694.79
70814357,3697.121
70814357,3673.659
70814357,3676.795
70814357,3694.751
70814357,4054.284
70814357,4050.184
70814357,1006.502
70814357,4046.754
70814357,4049.992
70814357,3696.825
70814357,6695.125
70814357,6695.168
70814357,1006.984
70814357,4054.577
70814357,6695.087
70814357,3696.556
70814357,4054.758
70814357,3695.195
70814357,3695.982
70814357,4060.969
70814357,4061.266
70814357,4060.434
70814357,5066.563
70814357,6695.124
70814357,5066.298
70814357,6698.544
70814357,5065.488
70814357,6698.322
70814357,5063.746
70814357,6698.584
70814357,5063.809
70814357,6698.635
70814357,5063.456
70814357,6699.141
70814357,6698.964
70814357,5061.019
70814357,6699.033
70814357,5095.905
70814357,6759.791
70814357,6765.99
70814357,6766.053
70814357,5093.88
70814357,6766.075
70814357,6766.373
70814357,5120.736
70814357,5120.042
70814357,6768.146
70814357,5111.994
70814357,5107.106
70814357,5094.53
70814357,5077.618
70814357,5091.128
70814357,6768.51
70814357,5072.539
70814357,5063.939
70814357,5065.208
70814357,5038.719
70814357,5044.901
70814357,5057.915
70814357,6769.014
70814357,5048.924
70814357,5053.702
70814357,5032.768
70814357,5025.477
70814357,5023.971
70814357,6769.824
70814357,6771.058
70814357,6770.837
70814357,6771.307
70814357,6773.647
70814357,5012.792
70814357,5020.72
70814357,5020.848
70814357,6775.663
70814357,6827.085
70814357,5019.364
70814357,6827.517
70814357,6834.656
70814357,7821.565
70814357,7822.489
70814357,5008.963
70814357,7821.12
70814357,7822.724
70814357,6835.005
70814357,7820.621
70814357,7820.083
70814357,6835.135
70814357,5004.165
70814357,7819.844
70814357,7824.21
70814357,4998.169
70814357,7818.874
70814357,7824.574
70814357,7824.926
70814357,7818.184
70814357,7814.988
70814357,7813.533
70814357,7813.289
70814357,7812.318
70814357,4985.447
70814357,6835.805
70814357,7811.73
70814357,7829.395
70814357,7829.173
70814357,5688.399
70814357,7811.371
70814357,6836.288
70814357,7810.503
70814357,5682.429
70814357,7829.939
70814357,7810.164
70814357,6839.59
70814357,7809.388
70814357,7830.692
70814357,5668.67
70814357,5668.118
70814357,2133.755
70814357,2134.451
70814357,6836.639
70814357,2130.085
70814357,2140.635
70814357,2126.801
70814357,2124.957
70814357,2136.034
70814357,2120.484
70814357,7857.919
70814357,6839.297
70814357,6842.575
70814357,7860.493
70814357,2139.652
70814357,6845.029
70814357,6845.236
70814357,6845.681
70814357,2144.66
70814357,14706.644
70814357,14726.558
70814357,2147.62
70814357,2152.043
70814357,14726.885
70814357,2152.326
70814357,2153.772
70814357,14727.842
70814357,2159.681
70814357,2160.529
70814357,2163.738
70814357,14728.521
70814357,14729.043
70814357,2162.297
70814357,2167.13
70814357,2170.164
70814357,2172.749
70814357,14730.306
70814357,2174.218
70814357,14730.943
70814357,14732.152
70814357,2178.46
70814357,2180.977
70814357,14732.678
70814357,2181.301
70814357,2183.401
70814357,14733.086
70814357,14762.821
70814357,14769.453
70814357,14733.319
70814357,14733.508
70814357,14762.116
70814357,14761.379
70814357,14761.125
70814357,2185.467
70814357,2191.283
70814357,14799.484
70814357,2192.768
70814357,14770.428
70814357,2194.884
70814357,14801.208
70814357,14774.108
70814357,2194.943
70814357,14771.35
70814357,2198.038
70814357,14771.974
70814357,14801.999
70814357,14772.828
70814357,2198.428
70814357,14802.705
70814357,2198.839
70814357,14803.616
70814357,2178.801
70814357,2178.282
70814357,14804.369
70814357,2178.702
70814357,14806.97
70814357,2177.996
70814357,14807.6
70814357,14807.95
70814357,2177.094
70814357,14808.712
70814357,2176.345
70814357,14809.207
70814357,14811.332
70814357,2175.863
70814357,14812.636
70814357,2172.661
70814357,14813.466
70814357,2172.513
70814357,14814.364
70814357,14814.703
70814357,2172.341
70814357,2171.879
70814357,14815.285
70814357,2171.362
70814357,2170.779
70814357,14815.995
70814357,2168.643
70814357,2168.277
70814357,2168.05
70814357,14818.288
70814357,14818.643
70814357,2166.621
70814357,2165.956
70814357,14819.661
70814357,2164.361
70814357,14819.897
70814357,2164.347
70814357,14820.375
70814357,14821.574
70814357,2162.068
70814357,2163.004
70814357,14822.381
70814357,2039.762
70814357,2038.873
70814357,15070.319
70814357,15069.647
70814357,15070.887
70814357,2038.708
70814357,15071.727
70814357,2038.025
70814357,1008.469
70814357,1006.268
70814357,15072.741
70814357,2037.211
70814357,2036.603
70814357,1010.935
70814357,1009.996
70814357,15073.401
70814357,2036.289
70814357,2035.826
70814357,15074.977
70814357,1012.917
70814357,2034.969
70814357,15076.295
70814357,2034.937
70814357,1014.331
70814357,2034.53
70814357,1024.348
70814357,1024.807
70814357,15077.601
70814357,2032.325
70814357,1025.341
70814357,1025.134
70814357,2031.951
70814357,1027.442
70814357,1036.108
70814357,15080.306
70814357,2032.437
70814357,2032.956
70814357,15083.977
70814357,1036.936
70814357,2022.006
70814357,2021.864
70814357,2022.02
70814357,1038.252
70814357,15084.383
70814357,1039.349
70814357,1049.675
70814357,15086.759
70814357,1048.906
70814357,2021.721
70814357,1051.243
70814357,1051.617
70814357,15241.536
70814357,15242.757
70814357,15242.227
70814357,15241.901
70814357,2020.972
70814357,1052.719
70814357,1053.155
70814357,1110.492
70814357,1055.306
70814357,2019.958
70814357,1055.538
70814357,1103.843
70814357,1104.781
70814357,1058.042
70814357,15242.929
70814357,1062.924
70814357,1090.046
70814357,1110.148
70814357,1089.681
70814357,1090.27
70814357,1090.939
70814357,1111.66
70814357,15243.543
70814357,1061.812
70814357,1057.288
70814357,1056.752
70814357,1112.029
70814357,1063.436
70814357,1003.444
70814357,1073.167
70814357,2021.158
70814357,15244.21
70814357,15243.392
70814357,1002.877
70814357,1063.971
70814357,1112.843
70814357,1136.239
70814357,15244.378
70814357,2020.729
70814357,1264.167
70814357,1061.514
70814357,2019.604
70814357,1082.51
70814357,1131.772
70814357,1133.261
70814357,15244.694
70814357,1001.218
70814357,1061.184
70814357,2021.174
70814357,2020.835
70814357,2019.452
70814357,1117.013
70814357,15244.864
70814357,2014.641
70814357,2016.033
70814357,1265.354
70814357,1012.273
70814357,1081.805
70814357,1117.736
70814357,1125.4
70814357,1127.239
70814357,2005.724
70814357,1080.931
70814357,1114.778
70814357,1116.253
70814357,1011.892
70814357,1002.209
70814357,1074.045
70814357,1011.688
70814357,1079.231
70814357,2004.044
70814357,1266.555
70814357,1015.239
70814357,1078.786
70814357,2003.655
70814357,1074.277
70814357,1075.311
70814357,1002.14
70814357,1012.281
70814357,1012.255
70814357,1074.846
70814357,1136.902
70814357,1273.971
70814357,1017.743
70814357,1017.735
70814357,1015.544
70814357,1014.174
70814357,15244.739
70814357,1011.089
70814357,1010.909
70814357,1140.021
70814357,15244.689
70814357,1013.034
70814357,1010.8
70814357,1154.917
70814357,1011.297
70814357,1276.146
70814357,1011.942
70814357,1155.062
70814357,15244.57
70814357,1995.396
70814357,1011.193
70814357,1012.638
70814357,15247.59
70814357,1277.268
70814357,1156.078
70814357,15247.578
70814357,1986.567
70814357,15247.596
70814357,1280.44
70814357,1284.562
70814357,1284.991
70814357,15248.543
70814357,1285.553
70814357,1167.291
70814357,1167.663
70814357,1984.786
70814357,1985.838
70814357,15248.672
70814357,1983.591
70814357,1288.036
70814357,1983.362
70814357,1168.091
70814357,1288.831
70814357,1168.618
70814357,15293.58
70814357,1168.777
70814357,1168.928
70814357,1169.098
70814357,1200.189
70814357,1983.001
70814357,1198.629
70814357,1169.422
70814357,1168.257
70814357,1290.453
70814357,15343.494
70814357,1297.057
70814357,15345.023
70814357,1976.453
70814357,15344.629
70814357,1196.629
70814357,15344.639
70814357,1196.501
70814357,1195.198
70814357,1363.762
70814357,1975.761
70814357,1202.544
70814357,1309.364
70814357,1301.559
70814357,1973.473
70814357,1362.585
70814357,1310.184
70814357,1205.662
70814357,1204.733
70814357,1203.047
70814357,15344.226
70814357,1205.872
70814357,1973.06
70814357,1967.568
70814357,1339.099
70814357,1968.377
70814357,1967.797
70814357,1339.538
70814357,1967.22
70814357,1966.887
70814357,1220.565
70814357,1376.078
70814357,1360.638
70814357,1415.495
70814357,1415.298
70814357,1220.189
70814357,15357.089
70814357,1376.267
70814357,1373.633
70814357,1347.386
70814357,1342.374
70814357,15359.054
70814357,1380.064
70814357,15358.938
70814357,1424.543
70814357,1219.74
70814357,1379.868
70814357,1379.583
70814357,1378.076
70814357,1965.906
70814357,1425.112
70814357,1220.328
70814357,1261.819
70814357,15358.648
70814357,1427.038
70814357,1954.993
70814357,1259.784
70814357,1953.983
70814357,1427.706
70814357,1952.254
70814357,1428.539
70814357,1257.366
70814357,15363.32
70814357,1896.931
70814357,1951.85
70814357,1901.561
70814357,15363.4
70814357,1896.367
70814357,1433.675
70814357,1895.286
70814357,1895.089
70814357,15363.343
70814357,1258.891
70814357,1258.276
70814357,15363.014
70814357,1436.97
70814357,1261.791
70814357,1894.128
70814357,1892.713
70814357,15363.063
70814357,15362.934
70814357,1836.414
70814357,1858.485
70814357,1835.547
70814357,1257.325
70814357,15363.319
70814357,1835.13
70814357,1438.405
70814357,1257.279
70814357,1834.554
70814357,1812.399
70814357,1801.606
70814357,1798.126
70814357,1892.385
70814357,1819.711
70814357,15365.35
70814357,1891.464
70814357,1256.69
70814357,1861.286
70814357,1860.189
70814357,1255.203
70814357,1889.328
70814357,1861.845
70814357,1453.12
70814357,15365.293
70814357,1871.876
70814357,1888.678
70814357,1453.623
70814357,1675.799
70814357,1250.876
70814357,15365.212
70814357,1887.994
70814357,1674.193
70814357,1453.914
70814357,1872.302
70814357,1796.102
70814357,1793.042
70814357,1246.802
70814357,15365.372
70814357,1884.882
70814357,1245.954
70814357,1884.451
70814357,15366.443
70814357,1883.409
70814357,1883.141
70814357,1879.2
70814357,1458.671
70814357,1249.453
70814357,15363.139
70814357,15363.009
70814357,1673.667
70814357,1463.247
70814357,15362.581
70814357,1672.45
70814357,1247.72
70814357,1670.097
70814357,1669.603
70814357,15360.914
70814357,1667.219
70814357,1467.341
70814357,1662.713
70814357,15362.092
70814357,1244.399
70814357,1662.288
70814357,1661.052
70814357,1244.396
70814357,15361.6
70814357,1243.914
70814357,1657.869
70814357,1657.344
70814357,15360.634
70814357,1656.397
70814357,1656.211
70814357,1472.763
70814357,1475.053
70814357,1240.071
70814357,15758.189
70814357,1655.662
70814357,1594.118
70814357,1585.195
70814357,1629.118
70814357,1583.193
70814357,1475.305
70814357,1596.298
70814357,1582.74
70814357,1240.312
70814357,1612.588
70814357,1476.058
70814357,1475.773
70814357,1475.482
70814357,1596.555
70814357,1611.972
70814357,1611.195
70814357,1610.952
70814357,1581.259
70814357,1610.63
70814357,1610.403
70814357,1609.875
70814357,1609.519
70814357,1584.817
70814357,1584.33
70814357,1583.627
70814357,1580.762
70814357,1479.665
70814357,15755.905
70814357,1480.158
70814357,1238.494
70814357,15754.496
70814357,15755.006
70814357,1488.072
70814357,1236.857
70814357,1580.61
70814357,1237.899
70814357,15754.493
70814357,1238.173
70814357,1550.077
70814357,1524.129
70814357,1489.387
70814357,1238.405
70814357,1238.791
70814357,1523.389
70814357,1239.285
70814357,1490.104
70814357,1521.265
70814357,1520.816
70814357,15755.563
70814357,15755.729
70814357,1519.313
70814357,1490.698
70814357,1515.518
70814357,1239.741
70814357,1515.372
70814357,1500.878
70814357,15756.685
70814357,1511.691
70814357,1511.522
70814357,1240.107
70814357,15758.146
70814357,15758.854
70814357,15758.629
70814357,15759.245
70814357,1240.928
70814357,15759.767
70814357,1242.429
70814357,15760.067
70814357,1243.053
70814357,1243.188
70814357,1243.309
70814357,15761.572
70814357,15760.433
70814357,15762.292
70814357,1244.921
70814357,1245.056
70814357,1253.041
70814357,1253.173
70814357,1253.764
70814357,15764.256
70814357,15764.563
70814357,1254.56
70814357,1254.768
70814357,1254.42
70814357,1255.284
70814357,1255.352
70814357,15766.378
70814357,1255.787
70814357,15768.197
70814357,1256.075
70814357,15769.693
70814357,1268.648
70814357,1268.958
70814357,1268.716
70814357,1269.286
70814357,1268.264
70814357,1267.921
70814357,1024.29
70814357,15770.394
70814357,15772.817
70814357,1023.796
70814357,15774.685
70814357,15774.075
70814357,15773.655
70814357,1026.83
70814357,15774.978
70814357,15775.885
70814357,1310.512
70814357,1026.546
70814357,15764.634
70814357,1310.695
70814357,1310.664
70814357,1026.826
70814357,1312.026
70814357,15763.026
70814357,1313.101
70814357,1313.96
70814357,15765.491
70814357,16791.65
70814357,1027.463
70814357,1314.47
70814357,16788.803
70814357,16788.822
70814357,1314.892
70814357,16789.318
70814357,1315.131
70814357,16788.91
70814357,1315.498
70814357,1316.441
70814357,16785.771
70814357,16785.684
70814357,16785.771
70814357,16786.273
70814357,1316.605
70814357,16784.418
70814357,18099.703
70814357,18097.969
70814357,18099.213
70814357,18100.01
70814357,18097.631
70814357,18096.994
70814357,18096.475
70814357,18095.338
70814357,18092.195
70814357,18091.881
70814357,18089.564
70814357,18087.311
70814357,18085.605
70814357,18086.32
70814357,18087.023
70814357,18087.357
70814357,18089.928
70814357,18092.293
70814357,18092.609
70814357,18093.389
70814357,18093.828
70814357,18096.387
70814357,18097.506
70814357,18098.447
70814357,18099.125
70814357,18099.521
70814357,18099.74
70814357,18102.068
70814357,18104.707
70814357,18105.148
70814357,18106.85
70814357,18108.236
70814357,18108.508
70814357,18109.268
70814357,18110.039
70814357,18110.365
70814357,18111.037
70814357,18111.756
70814357,18112.428
70814357,18114.992
70814357,18115.98
70814357,18117.504
70814357,18117.875
70814357,18118.381
70814357,18119.797
70814357,18120.004
70814357,18120.826
70814357,18121.658
70814357,18124.943
70814357,18127.029
70814357,18126.563
70814357,18123.492
70814357,18123.574
70814357,18123.283
70814357,18124.289
70814357,18973.178
70814357,18973.711
70814357,18974.766
70814357,18978.793
70814357,18974.729
70814357,18977.127
70814357,18977.285
70814357,18976.744
70814357,19154.676
70814357,19154.703
70814357,19154.459
70814357,19157.936
70814357,19158.725
70814357,19160.92
70814357,19215.143
70814357,19216.098
70814357,1001.214
70814357,1001.611
70814357,19216.525
70814357,1001.992
70814357,1002.279
70814357,1002.471
70814357,19220.045
70814357,19237.727
70814357,19237.965
70814357,19238.512
70814357,1043.241
70814357,19239.391
70814357,19242.813
70814357,19243.436
70790485,1000.085
70814357,1027.93
70814357,1025.17
70814357,1022.335
70790485,1000.931
70814357,1019.583
70814357,19243.977
70814357,1022.103
70790485,1002.982
70814357,1019.082
70790485,1003.439
70790485,1003.678
70814357,19250.744
70814357,19246.775
70790485,1009.253
70814357,19251.086
70814357,19251.225
70790485,1009.632
70790485,1009.964
70814357,1014.223
70814357,19252.396
70790485,1010.881
70790485,1010.998
70814357,19252.945
70790485,1011.196
70814357,19253.652
70814357,1036.215
70790485,1023.604
70814357,1037.361
70790485,1001.597
70814357,19254.492
70790485,1024.259
70790485,1000.259
70814357,1037.684
70790485,1001.969
70814357,19267.992
70814357,1043.197
70814357,1043.325
70790485,1033.894
70790485,1035.741
70790485,1002.648
70814357,1043.459
70814357,1043.893
70814357,1043.721
70814357,1044.047
70790485,1036.085
70790485,1004.417
70814357,19289.762
70790485,1036.135
70814357,1044.766
70790485,1004.959
70814357,1061.374
70790485,1036.391
70790485,1005.597
70814357,1076.522
70814357,1061.631
70790485,1036.617
70814357,19306.422
70814357,19308.771
70790485,1036.611
70790485,1006.167
70790485,1006.306
70814357,1064.833
70790485,1013.641
70814357,1077.16
70790485,1036.519
70790485,1036.734
70814357,1086.553
70814357,19369.549
70790485,1014.414
70814357,1085.671
70814357,19369.74
70790485,1016.358
70790485,1014.896
70814357,1066.184
70814357,1100.036
70814357,1077.728
70814357,19370.537
70790485,1040.129
70814357,19371.609
70814357,2177.909
70790485,1040.402
70814357,1066.632
70790485,1016.608
70790485,1016.536
70814357,1077.986
70814357,1078.24
70790485,1040.632
70814357,1075.334
70814357,1075.598
70814357,1078.525
70814357,1079.16
70814357,2178.84
70790485,1040.762
70814357,1075.063
70814357,1077.762
70790485,1049.575
70790485,1049.665
70814357,2179.712
70814357,1067.433
70814357,1076.549
70814357,1076.801
70814357,1077.026
70814357,2179.921
70814357,1068.407
70814357,1068.597
70790485,1016.582
70814357,1074.611
70814357,19386.338
70814357,1073.618
70790485,1020.3
70790485,1051.595
70814357,2182.384
70814357,1069.178
70814357,1069.333
70790485,1051.545
70790485,1023.067
70814357,19388.592
70814357,1070.336
70814357,1071.255
70790485,2074.488
70814357,19389.424
70814357,2184.49
70790485,2074.387
70814357,19390.314
70814357,19408.645
70814357,19410.018
70790485,2074.361
70790485,2079.941
70790485,2080.11
70814357,2186.217
70814357,2186.597
70814357,19407.025
70790485,2080.356
70814357,21591.305
70790485,2080.522
70814357,21584.518
70790485,2081.884
70814357,21582.365
70814357,21577.854
70814357,21572.336
70814357,21565.395
70814357,21553.828
70790485,2083.189
70814357,21547.842
70790485,2083.361
70814357,21536.338
70790485,2085.442
70814357,21520.324
70790485,2085.771
70814357,21506.432
70814357,21494.678
70814357,21505.697
70814357,21482.908
70814357,21484.791
70814357,21496.301
70814357,21485.041
70814357,21483.422
70814357,21484.328
70814357,21483.715
70814357,21484.021
70814357,21491.863
70814357,21488.447
70790485,2087.651
70790485,2098.914
70814357,21496.779
70814357,21497.695
70814357,21498.012
70790485,2099.776
70814357,21498.432
70814357,21498.695
70814357,21514.139
70814357,21514.953
70814357,21515.65
70814357,21516.031
70814357,21517.828
70814357,21520.473
70814357,21519.891
70814357,21518.074
70814357,21519.205
70814357,21521.055
70814357,21522.727
70814357,21523.916
70814357,21527.178
70814357,21528.012
70814357,21528.625
70814357,21530.137
70814357,21536.148
70814357,21532.244
70814357,21535.252
70814357,21537.461
70814357,21538.68
70814357,21547.502
70814357,21553.576
70814357,21556.973
70814357,21565.404
70814357,21567.959
70814357,21564.637
70814357,21568.691
70814357,21561.896
70814357,21570.109
70814357,21602.705
70814357,21575.281
70814357,21607.854
70814357,21586.123
70814357,21598.58
70814357,21611.836
70814357,21613.164
70814357,21623.484
70814357,21635.938
70814357,21637.326
70814357,21780.623
70814357,21640.053
70814357,21755.346
70814357,21756.672
70814357,21786.789
70814357,21790.615
70814357,21793.309
70814357,21798.354
70814357,21776.174
70814357,21793.271
70814357,21769.807
70814357,21768.406
70814357,21748.346
70814357,21766.918
70814357,21647.576
70814357,21740.523
70814357,21725.438
70814357,21731.549
70814357,21736.688
70814357,21721.467
70814357,21772.551
70814357,21770.777
70814357,21773.678
70814357,21776.08
70814357,21777.057
70814357,21711.404
70814357,21779.414
70814357,21795.592
70814357,21796.617
70814357,21793.426
70814357,21825.309
70814357,21780.777
70814357,21808.781
70814357,21826.588
70814357,21791.576
70814357,21829.049
70814357,21829.547
70814357,21830.684
70814357,21785.773
70814357,21788.41
70814357,21790.162
70814357,21807.609
70814357,21831.613
70814357,21802.529
70814357,21805.141
70814357,21832.82
70814357,21834.418
70814357,21818.777
70814357,21824.631
70814357,21814.744
70814357,21816.049
70814357,21817.705
70814357,21836.754
70814357,21843.229
70814357,21839.529
70814357,21848.615
70814357,21852.463
70814357,21855.641
70814357,21856.863
70814357,21858.006
70814357,21860.875
70814357,21863.164
70814357,21868.213
70814357,21870.178
70814357,21871.932
70814357,21873.475
70814357,21878.68
70814357,21877.658
70814357,21883.832
70814357,21888.059
70814357,21894.223
